no,n,interval,root,bisect_fallback,bisection,regula_falsi,abkk,barycentric,zhang,ridders,illinois,blendtf,itp,bdqrf,rbp,pegasus,toms748,brent,brentq,anderson_bjorck,brenth,muller,modab,chandrupatla
1,,"[pi/2, pi]",1.895494267033981E+00,,45,34,20,27,16,14,10,26,10,14,8,9,9,9,9,9,9,8,9,9
2,,"[1 + 1e-9, 4 - 1e-9]",3.022915347273057E+00,regula_falsi,46,1046,84,60,19,18,101,32,17,22,14,102,16,15,15,52,15,52,12,12
3,,"[4 + 1e-9, 9 - 1e-9]",6.683753560808078E+00,regula_falsi,45,1045,22,26,14,16,99,26,10,16,12,100,9,8,8,52,11,11,11,13
4,,"[9 + 1e-9, 16 - 1e-9]",1.123870165500221E+01,regula_falsi,45,1045,20,25,14,16,102,29,12,16,12,105,15,15,15,56,15,12,11,10
5,,"[16 + 1e-9, 25 - 1e-9]",1.967600008062341E+01,regula_falsi,45,1045,22,40,14,16,104,26,12,16,14,104,14,13,13,56,13,11,11,10
6,,"[25 + 1e-9, 36 - 1e-9]",2.982822732650476E+01,regula_falsi,44,1044,22,28,17,16,105,23,11,20,14,104,12,12,12,57,13,11,10,11
7,,"[36 + 1e-9, 49 - 1e-9]",4.190611619528941E+01,regula_falsi,44,1044,22,29,14,20,105,23,12,16,12,105,13,12,12,58,12,11,12,13
8,,"[49 + 1e-9, 64 - 1e-9]",5.595359580014309E+01,regula_falsi;rbp,44,1044,22,29,22,16,105,26,13,16,2044,107,13,12,12,60,12,49,12,13
9,,"[64 + 1e-9, 81 - 1e-9]",7.198566558658780E+01,regula_falsi;rbp,44,1044,84,29,18,18,106,80,21,28,2044,106,13,12,12,62,12,12,11,13
10,,"[81 + 1e-9, 100 - 1e-9]",9.000886853916667E+01,regula_falsi;rbp,43,1043,84,64,16,24,106,80,16,16,2043,106,13,12,11,62,12,12,11,13
11,,"[100 + 1e-9, 121 - 1e-9]",1.100265327483302E+02,regula_falsi,43,1043,20,34,17,14,106,23,13,14,12,106,12,11,11,61,11,11,11,13
12,40,"[-9,31]",0.000000000000000E+00,regula_falsi,58,1058,30,56,18,4,50,38,18,20,20,176,22,16,16,132,18,14,14,14
12,100,"[-9,31]",0.000000000000000E+00,regula_falsi,58,1058,30,56,20,4,50,38,18,20,20,176,22,16,16,132,18,14,14,14
12,200,"[-9,31]",0.000000000000000E+00,regula_falsi,58,1058,30,56,20,4,51,38,18,20,20,176,22,16,16,132,18,14,15,14
13,,"[-3,2]",-2.103803402735537E+00,,47,46,18,40,18,17,15,35,11,18,36,13,12,12,12,13,12,52,12,12
14,,"[0,2]",3.544631043750253E-01,,48,16,18,28,14,14,10,20,10,12,8,8,8,8,8,8,8,7,8,8
15,4,"[0,5]",6.687403049764220E-01,regula_falsi,49,1049,20,25,16,18,19,29,49,16,18,17,15,14,14,106,14,14,13,12
15,6,"[0,5]",7.647244913317300E-01,regula_falsi;anderson_bjorck,48,1048,28,34,21,14,26,32,49,18,20,25,18,16,16,1048,16,18,13,13
15,8,"[0,5]",8.177654339579425E-01,regula_falsi;anderson_bjorck,48,1048,26,27,19,14,32,35,49,20,24,31,18,17,17,1048,17,21,14,13
15,10,"[0,5]",8.513399225207846E-01,regula_falsi;anderson_bjorck,48,1048,28,33,19,16,37,35,49,20,22,36,17,16,16,1048,17,24,14,13
15,12,"[0,5]",8.744852722211678E-01,regula_falsi;anderson_bjorck,48,1048,28,33,21,16,42,35,49,20,18,40,17,17,17,1048,17,26,15,14
16,4,"[0,5]",1.000000000000000E+00,regula_falsi,48,1048,24,34,18,16,19,32,13,14,16,17,13,15,15,53,14,13,13,12
16,6,"[0,5]",1.000000000000000E+00,regula_falsi,48,1048,24,33,17,12,24,32,14,16,16,22,13,15,15,906,15,16,13,12
16,8,"[0,5]",1.000000000000000E+00,regula_falsi;anderson_bjorck,48,1048,22,48,17,16,29,32,20,18,18,29,15,15,15,1048,14,19,13,13
16,10,"[0,5]",1.000000000000000E+00,regula_falsi;anderson_bjorck,48,1048,18,44,19,16,36,32,25,18,18,33,18,16,16,1048,15,22,14,13
16,12,"[0,5]",1.000000000000000E+00,regula_falsi;anderson_bjorck,48,1048,28,40,23,16,40,32,21,20,20,39,18,17,17,1048,15,24,14,13
17,8,"[-0.95,4.05]",1.000000000000000E+00,regula_falsi,48,1048,28,59,23,12,33,32,38,18,16,30,22,15,15,37,14,15,14,12
17,10,"[-0.95,4.05]",1.000000000000000E+00,regula_falsi,48,1048,28,44,22,16,39,35,38,22,18,34,22,16,16,49,15,16,14,12
17,12,"[-0.95,4.05]",1.000000000000000E+00,regula_falsi,48,1048,28,43,22,16,44,35,38,20,20,37,22,16,16,72,15,17,14,13
17,14,"[-0.95,4.05]",1.000000000000000E+00,regula_falsi,48,1048,28,45,24,16,49,35,38,20,20,40,24,17,17,129,16,19,14,14
18,,"[0,1.5]",5.235987755982988E-01,,47,17,18,25,14,14,11,23,10,12,8,8,9,9,9,9,9,8,9,8
19,1,"[0,1]",4.224777096412367E-01,,47,20,18,17,12,10,9,23,9,10,8,8,7,7,7,7,6,7,9,7
19,2,"[0,1]",3.066994104832037E-01,,47,28,20,29,14,10,11,26,11,12,10,9,8,9,9,8,8,8,9,8
19,3,"[0,1]",2.237054576546630E-01,,48,32,20,21,14,10,10,23,11,12,10,10,10,9,9,9,9,9,10,9
19,4,"[0,1]",1.717191475195084E-01,,48,33,18,24,15,12,12,29,13,12,11,10,10,10,10,10,10,10,10,10
19,5,"[0,1]",1.382571550568241E-01,,49,33,16,20,15,12,12,29,13,12,12,10,10,10,10,10,10,10,10,10
19,10,"[0,1]",6.931408868702348E-02,,50,34,22,25,16,12,13,32,14,14,12,11,11,11,11,12,11,11,11,11
19,20,"[0,1]",3.465735902085385E-02,,51,35,24,24,17,12,11,32,15,14,14,11,11,12,12,13,12,12,12,12
19,40,"[0,1]",1.732867951399863E-02,,52,36,18,31,18,14,14,35,16,14,14,13,13,13,13,15,13,13,13,13
19,60,"[0,1]",1.155245300933242E-02,,52,37,24,28,19,14,14,35,23,16,16,13,13,14,14,16,13,13,15,14
19,80,"[0,1]",8.664339756999316E-03,,52,37,26,29,19,14,15,35,17,16,16,13,13,14,14,15,14,14,14,14
19,100,"[0,1]",6.931471805599453E-03,,52,38,28,29,18,14,15,35,16,16,16,13,13,14,14,16,14,14,15,14
20,5,"[0,1]",3.840255184062190E-02,,50,15,14,17,18,16,9,23,10,4,4,9,8,9,9,8,9,5,9,10
20,10,"[0,1]",9.900009998000499E-03,,52,12,12,21,17,16,9,20,10,8,6,9,7,8,8,8,8,6,9,9
20,20,"[0,1]",2.493750039062012E-03,,52,10,10,27,17,18,8,20,9,6,6,9,7,8,8,7,8,9,9,9
21,2,"[0,1.01]",5.000000000000000E-01,,47,3,4,5,4,4,3,5,8,4,4,3,3,3,3,3,3,4,4,4
21,5,"[0,1.01]",3.459548158482420E-01,,47,44,20,26,14,12,9,23,13,12,12,9,10,8,8,9,9,10,9,8
21,10,"[0,1.01]",2.451223337533072E-01,,48,91,20,23,16,14,11,29,16,14,14,11,10,10,10,10,10,12,10,10
21,15,"[0,1.01]",1.955476235365656E-01,,48,140,24,23,14,14,13,26,47,14,18,12,11,12,12,11,12,14,11,10
21,20,"[0,1.01]",1.649209572764410E-01,,48,191,24,31,14,14,12,32,47,16,20,12,11,12,12,12,12,13,12,12
22,1,"[0,1]",2.755080409994844E-01,,48,32,20,25,16,10,11,26,11,12,10,9,8,9,9,8,8,9,9,9
22,2,"[0,1]",1.377540204997422E-01,,49,33,18,20,14,10,12,29,13,12,12,10,10,10,10,10,9,10,10,10
22,4,"[0,1]",1.030528377815644E-02,,52,12,14,22,12,12,10,23,10,12,12,9,10,8,8,9,8,8,9,8
22,5,"[0,1]",3.617108178904063E-03,,52,10,12,33,10,10,9,20,9,10,10,8,10,7,7,8,7,8,8,9
22,8,"[0,1]",4.108729184963954E-04,,52,8,10,36,12,12,8,17,8,12,12,8,9,7,7,8,7,10,8,8
22,15,"[0,1]",2.598957589290763E-05,,52,7,10,30,12,12,8,17,8,12,12,7,8,6,6,7,6,9,7,7
22,20,"[0,1]",7.668595122185337E-06,,52,7,8,27,12,12,8,14,8,12,12,7,8,6,6,7,6,8,7,7
23,1,"[0,1]",4.010581375415471E-01,,47,22,18,17,12,10,10,20,8,10,9,8,7,8,8,8,7,8,9,7
23,5,"[0,1]",5.161535187579336E-01,,47,88,20,26,14,12,10,26,9,12,12,10,8,8,8,8,8,9,10,10
23,10,"[0,1]",5.395222269084159E-01,,47,956,22,27,16,14,14,23,10,16,18,14,10,8,8,9,11,14,11,11
23,15,"[0,1]",5.481822943406552E-01,regula_falsi,43,1043,22,32,16,14,18,26,11,16,38,17,11,11,11,9,11,28,12,12
23,20,"[0,1]",5.527046666784878E-01,regula_falsi,40,1040,22,29,16,14,22,23,11,16,112,21,12,11,11,10,13,81,12,12
24,2,"[0.01,1]",5.000000000000000E-01,regula_falsi,47,1047,22,29,8,12,14,26,16,14,12,14,14,4,4,5,5,9,8,9
24,5,"[0.01,1]",2.000000000000000E-01,regula_falsi,48,1048,22,34,15,16,16,26,36,16,16,15,17,12,12,5,6,11,9,10
24,15,"[0.01,1]",6.666666666666667E-02,,50,228,18,31,15,16,16,35,47,18,18,14,18,13,13,5,7,13,11,13
24,20,"[0.01,1]",5.000000000000000E-02,,50,170,22,34,17,16,15,32,34,18,18,12,18,14,14,5,8,13,10,13
25,2,"[1,100]",2.000000000000000E+00,,51,21,20,11,4,12,11,26,15,12,10,9,5,6,6,9,9,10,9,5
25,3,"[1,100]",3.000000000000000E+00,,51,30,22,13,19,14,12,32,16,14,12,9,5,9,9,9,10,11,10,11
25,4,"[1,100]",4.000000000000000E+00,,50,37,22,20,18,14,12,29,14,14,12,10,10,10,10,10,10,12,11,11
25,5,"[1,100]",5.000000000000000E+00,,50,43,22,37,18,14,12,26,15,14,14,10,10,11,11,10,10,12,11,11
25,6,"[1,100]",6.000000000000000E+00,,50,47,22,29,18,14,12,29,15,14,14,10,10,11,11,10,11,12,11,11
25,7,"[1,100]",7.000000000000000E+00,,50,51,22,27,17,14,12,32,14,14,14,10,10,11,11,10,11,11,11,11
25,9,"[1,100]",9.000000000000000E+00,,49,58,22,37,17,14,12,29,15,14,14,10,11,11,11,10,10,11,11,11
25,11,"[1,100]",1.100000000000000E+01,,49,64,22,41,17,14,12,29,15,14,14,10,11,11,11,10,10,11,11,11
25,13,"[1,100]",1.300000000000000E+01,,49,68,12,37,15,12,12,26,15,14,14,10,11,10,10,10,10,11,12,11
25,15,"[1,100]",1.500000000000000E+01,,48,72,16,31,15,12,12,29,14,12,12,10,11,10,10,10,10,10,11,10
25,17,"[1,100]",1.700000000000000E+01,,48,76,14,25,15,12,12,29,15,14,14,10,11,10,10,10,10,11,11,10
25,19,"[1,100]",1.900000000000000E+01,,48,79,12,25,16,14,12,29,15,14,14,10,11,10,10,10,10,10,12,10
25,21,"[1,100]",2.100000000000000E+01,,48,81,16,25,16,14,10,26,14,14,14,10,11,11,11,10,10,10,11,10
25,23,"[1,100]",2.300000000000000E+01,,48,84,18,29,14,14,10,7,14,14,14,10,11,10,10,10,10,10,11,10
25,25,"[1,100]",2.500000000000000E+01,,48,86,18,22,14,12,10,26,14,14,14,10,11,10,10,10,10,10,11,10
25,27,"[1,100]",2.700000000000000E+01,,48,88,18,22,14,12,11,26,14,14,14,9,11,10,10,10,10,9,10,9
25,29,"[1,100]",2.900000000000000E+01,,47,90,18,22,14,12,11,26,14,14,14,10,11,10,10,10,9,9,10,9
25,31,"[1,100]",3.100000000000000E+01,,46,92,20,22,14,12,11,26,15,14,14,10,11,10,10,10,9,10,10,9
25,33,"[1,100]",3.300000000000000E+01,,42,94,20,22,14,12,11,26,15,14,14,10,11,9,9,9,9,10,10,9
26,,"[-1,4]",0.000000000000000E+00,regula_falsi,6,1006,7,3,9,4,44,6,5,4,4,63,15,12,12,46,12,4,9,8
27,,"[-1.1234,4.4567]",0.000000000000000E+00,regula_falsi,6,1006,9,12,9,4,44,6,5,4,4,63,19,15,15,45,15,4,10,8
28,1,"[-10000,pi/2]",6.238065189616123E-01,,60,21,26,169,25,24,16,41,22,22,22,14,19,21,21,14,21,18,21,21
28,2,"[-10000,pi/2]",6.238065189616123E-01,,60,21,26,169,25,24,16,41,22,22,19,15,19,21,21,14,21,18,21,21
29,20,"[-10000,1e-4]",5.905130559421971E-05,,66,43,34,327,37,30,21,74,40,32,32,20,30,35,35,19,35,28,35,34
29,40,"[-10000,1e-4]",3.024579067021010E-05,,66,44,32,330,40,32,22,77,41,34,34,21,32,35,35,21,35,29,36,35
29,100,"[-10000,1e-4]",1.227799423246152E-05,,66,41,30,334,42,32,22,74,40,36,36,21,31,38,38,21,38,31,38,37
30,,"[0,1]",7.297276562269663E-01,,46,23,18,25,14,14,9,23,9,14,8,7,8,8,8,8,8,8,9,8
31,,"[-1,1]",5.671432904097838E-01,,48,33,20,24,13,10,12,29,11,12,10,10,10,10,10,10,9,9,10,9
32,,"[0.1,0.9]",8.041330975036644E-01,,46,52,20,27,14,12,13,29,46,14,14,11,11,12,12,14,12,11,12,11
33,,"[2.8,3.1]",3.000000000000000E+00,,42,56,20,33,16,12,13,4,44,14,12,10,11,10,10,12,10,10,10,10
34,,"[-1.3,-0.5]",-6.294464840733334E-01,,46,22,18,34,16,10,10,23,10,12,10,9,8,8,8,8,8,9,9,9
35,,"[2,3]",2.094551481542327E+00,,45,36,20,20,16,16,10,26,9,10,10,9,8,8,8,8,7,7,9,8
36,,"[0.5,2]",1.000000000000000E+00,,46,52,20,24,14,12,12,3,12,12,12,8,6,4,4,4,4,9,7,9
37,,"[-10,10]",1.000000000000000E+00,regula_falsi,50,1050,22,38,18,14,17,36,13,20,14,16,17,16,16,13,16,15,13,13
38,,"[0,10]",1.000000000000000E+00,,49,36,20,29,16,18,15,29,12,12,12,13,11,12,12,13,11,10,12,10
39,,"[0,10]",1.000000000000000E+00,,49,57,20,59,16,18,20,32,13,14,14,19,13,12,12,17,12,10,14,13
40,,"[0,10]",1.000000000000000E+00,regula_falsi;rbp,13,1013,24,44,24,19,53,25,15,25,2013,74,27,34,34,49,34,51,13,13
41,,"[-2,3]",0.000000000000000E+00,,53,8,12,49,12,12,9,17,11,14,9,8,10,8,8,8,8,9,8,10
42,,"[-0.001,1]",0.000000000000000E+00,,46,7,10,27,10,14,8,17,7,14,8,7,7,6,6,7,6,8,8,8
43,,"[0,0.7]",6.777129263286841E-01,,46,33,20,26,16,16,12,26,18,16,16,10,11,11,11,11,10,10,12,11
44,,"[-0.7,0.4]",-6.400836960846841E-01,,46,14,16,27,18,18,12,26,15,18,24,12,13,12,12,10,12,12,11,12
45,20,"[0.01,1]",5.000000000000000E-02,,50,170,22,34,17,16,15,32,34,18,18,12,18,14,14,5,8,13,10,13
45,30,"[0.01,1]",3.333333333333333E-02,,51,108,24,31,16,16,15,35,47,18,18,14,17,14,14,6,8,13,12,13
46,,"[-10,5]",0.000000000000000E+00,,56,135,18,39,20,22,19,4,14,16,20,17,15,16,16,16,17,15,14,16
47,,"[0.5,1.51]",1.000000000000000E+00,,46,87,22,32,10,10,12,26,12,12,10,10,11,10,10,9,9,9,10,9
48,,"[1e-12,1e12]",1.000000000000000E+00,regula_falsi;anderson_bjorck,86,1086,100,91,63,90,112,104,51,92,50,108,138,49,49,1086,49,49,48,49
49,,"[0,5]",3.000000000000000E+00,regula_falsi,19,1019,30,61,22,31,37,33,16,33,1802,58,54,47,47,44,46,130,19,19
50,,"[-1e10,1e10]",3.000000000000000E+00,regula_falsi;rbp,52,1052,88,102,92,94,100,94,54,69,2052,125,114,101,101,61,101,339,52,54
51,,"[0,5]",2.000000000000000E+00,regula_falsi;rbp,13,1013,23,52,23,17,49,23,15,23,2013,72,36,34,34,53,33,38,13,13
52,,"[-1e10,1e10]",2.000000000000000E+00,regula_falsi;rbp,46,1046,86,97,86,77,175,67,48,83,2046,204,148,128,128,133,128,158,46,48
53,,"[-1,4]",0.000000000000000E+00,regula_falsi;rbp,8,1008,15,18,15,11,60,12,5,13,2008,81,23,18,18,51,18,29,8,8
54,,"[-10,100]",0.000000000000000E+00,regula_falsi,12,1012,22,52,22,19,97,21,13,25,25,132,38,35,35,79,35,50,12,12
55,,"[-1,4]",0.000000000000000E+00,regula_falsi;rbp,6,1006,9,12,9,9,82,7,4,9,2006,103,7,12,12,53,12,39,6,6
56,,"[-10,100]",0.000000000000000E+00,regula_falsi,10,1010,16,37,16,11,146,15,9,17,15,195,30,26,26,115,26,99,10,10
57,,"[-1,4]",0.000000000000000E+00,regula_falsi,6,1006,7,3,9,4,44,6,5,4,4,63,15,12,12,46,12,4,9,8
58,,"[-10,100]",0.000000000000000E+00,,10,3,4,8,4,4,3,5,9,4,4,3,3,3,3,3,3,4,4,4
59,,"[2e-4,2]",1.037536033287040E+00,regula_falsi,47,1047,18,70,12,14,25,23,20,14,14,22,15,10,10,10,11,9,9,11
60,,"[2e-4,81]",1.037536033287040E+00,regula_falsi,52,1052,24,54,21,26,30,35,25,26,26,27,30,18,18,14,16,15,16,15
61,,"[2e-4,1]",7.032048403631358E-01,,46,20,18,26,12,10,10,26,9,10,8,8,8,8,8,8,8,8,8,8
62,,"[2e-4,81]",7.032048403631358E-01,regula_falsi,53,1053,30,27,20,16,36,38,15,22,17,109,31,21,21,112,21,35,15,14
63,,"[0,1.5]",1.365230013414097E+00,,46,16,18,22,15,20,10,23,9,10,10,8,8,8,8,8,8,8,9,9
64,,"[-2,-1]",-1.404491648215341E+00,,45,33,16,22,14,12,11,23,9,10,8,9,9,9,9,9,9,7,9,8
65,,"[1,2.1]",2.000000000000000E+00,,45,28,20,32,18,10,12,29,15,12,10,10,10,10,10,10,10,9,10,10
66,,"[-0.9,-0.1]",-6.032319715572152E-01,,44,24,20,35,15,12,11,23,13,12,8,9,13,9,9,9,9,8,10,9
67,,"[1,3.1]",3.000000000000000E+00,,45,62,24,56,17,14,15,32,47,14,18,14,14,12,12,19,12,14,13,12
68,,"[1,2.1]",1.857183860207835E+00,,45,46,18,25,14,10,9,23,8,10,9,9,8,8,8,8,8,8,9,8
69,,"[0.1001,10.0001]",1.000000000000000E+00,,49,181,24,43,20,18,14,29,12,6,6,12,10,13,13,12,12,7,11,11
70,,"[0.1001,10.0001]",1.001861868329829E+00,regula_falsi,49,1049,24,25,20,18,14,26,14,8,6,12,10,14,14,13,13,7,11,11
71,,"[-2.0001,1.0001]",0.000000000000000E+00,,51,3,4,5,4,4,3,5,10,4,4,3,3,3,3,3,3,4,4,4
72,,"[-0.0001,1.0001]",0.000000000000000E+00,,50,3,4,20,4,4,3,5,7,4,4,3,3,3,3,3,3,4,4,4
73,,"[0,5]",1.465571231876768E+00,regula_falsi,47,1047,24,45,16,16,16,29,11,14,14,13,10,12,12,14,12,11,11,11
74,,"[0,8]",5.027524662842932E+00,regula_falsi,46,1046,88,43,27,14,16,32,16,18,40,15,13,13,13,15,12,12,12,13
75,,"[-5,-3]",-3.543760948752259E+00,regula_falsi,45,1045,20,47,16,16,15,32,17,14,20,14,11,13,13,15,12,47,11,12
76,,"[-3,-2]",-2.270187160858125E+00,,45,13,86,56,14,14,13,83,19,14,14,11,9,9,9,11,9,32,9,10
77,,"[-2,0]",-2.064655449102364E-01,,49,21,18,32,18,16,12,29,11,10,10,11,8,10,10,10,9,10,10,9
78,,"[0,9]",6.020413654520620E+00,regula_falsi,46,1046,86,50,21,18,22,89,12,14,14,22,12,14,13,23,13,54,12,12
79,,"[0,2]",1.189383607682853E+00,,46,62,18,47,16,18,13,32,11,12,12,11,9,12,12,12,11,11,12,12
80,,"[2,4]",3.425451585182643E+00,,45,10,16,53,14,14,11,26,10,16,14,9,8,8,8,9,8,10,9,10
81,,"[4,8]",6.574548414817357E+00,,45,14,16,51,16,12,10,32,12,14,14,9,11,10,10,9,10,11,11,13
82,,"[8,9]",8.810616392317147E+00,,43,21,20,30,16,14,11,35,13,14,12,10,9,9,9,10,9,10,10,10
83,,"[0,3]",1.255422871076846E+00,regula_falsi,47,1047,22,42,19,12,24,32,48,16,16,22,20,14,14,22,14,12,12,12
84,,"[-5,0]",-1.392626130596842E+00,regula_falsi,48,1048,26,38,23,16,32,38,15,22,20,30,12,18,18,94,16,15,15,15
85,,"[0,5]",3.000192823760851E+00,regula_falsi,46,1046,26,48,15,22,41,80,15,22,40,40,19,15,15,41,16,20,13,14
86,,"[0,2]",1.088359539141284E+00,regula_falsi,47,1047,18,26,17,16,10,35,11,14,12,10,9,10,10,10,10,9,10,10
87,,"[2,6]",4.633377227365911E+00,,45,13,18,43,14,14,11,26,12,14,9,8,9,9,9,9,9,11,12,11
88,,"[6,8]",7.260992386236994E+00,,44,34,22,59,14,14,11,26,10,14,12,11,9,10,10,10,11,10,11,11
89,,"[0,2]",1.111832559158963E+00,,47,99,20,28,12,10,13,23,11,12,10,11,11,11,11,13,11,10,10,10
90,,"[2,5]",4.577152063957297E+00,,45,31,20,32,16,14,10,23,10,10,10,8,8,8,8,8,8,8,9,8
91,,"[2,3]",2.842438953784447E+00,,44,16,18,28,14,10,9,23,9,10,10,8,8,8,8,8,8,9,10,8
92,,"[0,2]",1.306558641039350E+00,,46,29,20,28,14,10,11,23,10,12,10,9,8,9,9,8,8,8,9,8
93,,"[0,6]",3.109432499472657E+00,,47,52,22,58,14,20,14,35,14,12,10,12,12,11,11,12,11,10,12,12
94,,"[6,8]",7.045370863263169E+00,,44,24,20,30,12,12,10,26,12,8,6,9,8,9,9,9,8,6,9,7
95,,"[0,1]",3.668241935299209E-01,,47,14,16,28,12,12,9,20,9,12,8,7,7,8,8,7,8,7,8,7
96,,"[1,5]",3.573500194375826E+00,,46,14,16,40,14,14,10,23,11,12,10,9,10,9,9,9,9,9,9,9
97,,"[5,7]",5.788039747435298E+00,,44,10,16,23,14,12,9,23,9,12,8,8,8,9,9,8,8,8,9,8
98,,"[7,10]",9.213170157493375E+00,,44,12,18,22,14,16,10,23,10,14,9,9,9,8,8,8,8,8,8,8
99,,"[-10,10]",-7.390851332151607E-01,,50,14,18,34,14,14,12,29,12,14,9,10,10,8,8,9,9,9,10,9
100,,"[-10,10]",1.333333333333333E+00,,50,3,4,5,4,4,3,5,12,4,4,3,3,3,3,3,3,4,4,4
101,5,"[0,1]",4.099920179891371E-01,,47,36,16,25,12,12,11,23,9,8,7,9,10,10,10,9,9,6,9,9
101,10,"[0,1]",4.525091455776412E-01,,47,35,14,25,12,12,11,26,10,8,6,10,10,10,10,10,10,6,9,9
101,20,"[0,1]",4.756268485960624E-01,,47,35,14,33,10,10,11,26,11,6,6,10,10,10,10,10,10,6,9,9
102,,"[-10,10]",7.777777777777778E-01,regula_falsi,45,1045,28,51,24,24,23,32,15,24,84,33,37,30,30,24,31,107,17,19
103,,"[1,2]",1.732050807568877E+00,,45,16,18,31,14,12,9,23,9,4,4,8,7,8,8,8,8,4,8,8
104,,"[2,7]",2.236067977499790E+00,regula_falsi,47,1047,22,23,21,18,10,29,12,4,5,9,9,8,8,8,8,4,11,8
105,,"[3,7]",3.162277660168379E+00,regula_falsi,46,1046,22,23,16,16,10,29,10,8,6,10,8,8,8,9,8,6,9,9
106,,"[1,4]",2.000000000000000E+00,,46,42,18,25,14,14,10,3,10,4,4,10,10,10,10,9,9,4,9,9
107,,"[1,3]",1.828427124746190E+00,,46,23,16,27,12,12,10,23,10,4,4,9,8,8,8,8,8,4,8,8
108,,"[0,2]",1.259921049894873E+00,,46,45,22,33,18,14,13,29,10,12,10,11,10,9,9,11,9,10,10,9
109,,"[0,2]",1.524345204984144E+00,regula_falsi,46,1046,20,26,14,10,12,23,9,12,12,10,10,9,9,10,10,13,10,9
110,,"[0,1]",7.390851332151607E-01,,46,14,16,31,14,12,9,23,9,12,8,8,7,8,8,8,8,7,8,8
111,,"[0,2]",1.114157140871930E+00,,47,8,14,31,12,12,8,20,9,12,8,7,7,7,7,7,7,8,8,8
112,,"[-2,4]",2.073932809091215E+00,,47,14,18,37,16,14,11,26,12,14,10,10,11,10,10,10,10,10,10,10
113,,"[0,1.3]",1.000000000000000E+00,regula_falsi,46,1046,20,28,18,14,17,29,47,14,12,15,16,10,10,26,10,14,12,11
114,,"[1,2]",1.649013268303190E+00,,45,17,18,31,12,12,9,23,9,8,8,8,7,8,8,8,8,7,8,7
115,,"[3,4]",3.221588399093942E+00,,44,47,20,49,18,14,10,23,9,10,10,10,9,9,9,9,9,8,9,9
116,,"[2,3]",2.125391198811130E+00,regula_falsi,45,1045,20,17,16,12,9,23,9,10,8,10,8,8,8,8,8,8,9,10
117,,"[0.5,1]",8.767262153950625E-01,,45,19,18,29,14,14,10,17,10,10,8,8,8,8,8,8,8,7,8,8
118,,"[1,2]",1.521379706804580E+00,,45,32,20,23,12,10,11,26,10,10,8,9,8,9,9,9,9,7,9,8
119,,"[-1,1]",5.671432904097838E-01,,48,33,20,24,13,10,12,29,11,12,10,10,10,10,10,10,9,9,10,9
120,,"[-1,1]",1.000000000000000E-01,,50,43,16,31,12,12,7,20,9,12,10,9,8,9,9,8,9,9,8,10
121,,"[-1,1]",-5.235987755982989E-01,,48,11,18,35,16,14,9,20,10,14,9,8,8,8,8,8,8,8,9,9
122,,"[-1,1]",-8.439145686492663E-01,,47,37,22,29,15,16,12,32,21,14,12,10,10,10,10,11,11,11,12,12
123,,"[-1,1]",8.350790427235590E-01,,47,56,24,27,16,12,13,26,48,14,14,12,12,12,12,11,10,12,12,12
124,,"[-1,1]",8.735685268302318E-01,,47,16,16,23,17,10,10,20,10,10,9,8,8,8,8,8,8,8,8,9
125,,"[-1,1]",-3.702012770786092E-02,,51,14,20,37,16,14,13,29,19,16,16,11,10,10,10,11,10,14,11,12
126,,"[-1,1]",-2.006550332058069E-04,,52,12,14,39,18,16,12,26,10,16,9,11,11,11,11,11,11,9,9,9
127,,"[-1,1]",-6.666666666666666E-01,regula_falsi,47,1047,24,3,17,16,15,29,48,16,16,16,18,13,13,5,6,11,8,11
128,,"[-1,1]",1.000000000000000E-06,regula_falsi,35,1035,68,88,66,64,74,66,41,49,112,97,80,95,95,48,95,207,35,43
129,,"[-1,1]",1.000000000000000E-06,regula_falsi,35,1035,68,97,66,64,76,66,40,59,104,121,105,108,108,92,109,204,35,42
130,,"[-1,1]",3.333333333333333E-01,regula_falsi,19,1019,24,55,22,30,34,4,21,25,984,54,52,50,50,41,50,109,19,19
131,,"[-1,1]",-3.333333333333333E-01,regula_falsi,25,1025,36,58,36,34,26,3,26,31,31,42,56,59,59,34,59,42,25,25
132,,"[-1000,1]",0.000000000000000E+00,,59,3,4,17,4,4,3,5,18,4,4,3,3,3,3,3,3,4,4,5
133,,"[0,157.08]",7.477185324553152E+01,,47,3,4,5,4,4,3,8,15,4,4,3,3,3,4,3,4,4,4,4
134,,"[0.5,5]",1.000000000000000E+00,,48,30,16,20,18,12,10,26,11,12,12,9,9,9,9,9,9,10,9,9
135,,"[0.5,8]",1.000040835564727E+00,regula_falsi,49,1049,30,45,22,18,38,35,12,22,20,37,18,17,17,21,15,27,16,14
136,,"[1,4]",1.696812386809752E+00,,47,35,20,30,16,16,11,26,10,14,10,11,11,13,13,12,12,9,12,11
137,,"[0.1,pi/3]",5.235987755982989E-01,,47,17,18,25,12,10,9,23,8,10,8,8,8,8,8,8,8,7,9,7
138,,"[-10,10]",6.566666666666666E-01,,51,32,20,28,14,18,17,29,16,20,13,14,11,12,12,14,14,15,14,13
139,,"[-10000,10]",6.566666666666666E-01,,60,63,28,43,23,22,19,47,38,28,17,18,17,15,15,15,16,17,20,21
140,,"[0,1.5]",1.000000000000000E+00,,46,75,18,21,14,4,12,4,11,12,10,10,9,11,11,10,10,9,10,9
141,,"[0,1.7]",7.390851332151607E-01,,47,19,16,27,12,12,10,23,9,12,8,8,8,8,8,8,8,7,8,8
142,,"[2.6,3.5]",3.000000000000000E+00,regula_falsi,44,1044,22,42,16,14,21,6,17,16,14,20,18,12,12,31,12,11,11,11
143,,"[-0.5,1/3]",0.000000000000000E+00,regula_falsi,17,1017,20,58,22,27,32,28,16,29,29,50,46,40,40,38,40,61,17,17
144,,"[-0.5,1/3]",0.000000000000000E+00,regula_falsi,11,1011,17,38,17,14,36,16,12,15,15,53,20,19,19,39,23,35,11,11
145,,"[0,4]",8.654740331016144E-01,regula_falsi,48,1048,20,34,16,16,15,26,11,14,12,13,13,14,14,15,13,10,11,11
146,,"[0.51,1.5]",1.000000000000000E+00,,46,38,12,25,10,8,11,23,11,10,8,10,9,10,10,9,9,7,9,8
147,,"[0.1,1]",3.994222917109682E-01,,47,94,16,30,14,14,12,20,17,12,10,12,10,12,12,12,12,9,11,10
148,,"[-1.8,0]",-1.000000000000000E+00,,47,56,22,28,14,12,12,6,10,12,10,10,11,10,10,12,10,9,10,9
149,,"[7,8]",7.140000000000000E+00,regula_falsi,18,1018,28,40,26,26,34,28,20,29,29,51,48,46,46,38,46,52,18,18
150,,"[2.6,3.6]",3.000000000000000E+00,regula_falsi,11,1011,17,30,17,17,38,15,12,15,15,55,24,26,26,41,24,29,11,11
151,,"[4,5]",4.267168304542125E+00,regula_falsi,44,1044,26,33,18,16,53,32,45,24,18,53,11,14,13,58,13,20,13,14
152,,"[0.05,5]",3.183098861837907E-01,regula_falsi,50,1050,20,31,15,16,15,32,49,18,17,14,18,12,12,5,7,13,11,13
153,,"[0,1.5]",1.325817663668033E+00,regula_falsi,46,1046,22,62,14,16,15,32,47,16,16,14,15,13,13,12,10,16,13,15
154,,"[0,10]",1.382571550568241E-01,,52,36,22,28,17,14,14,35,16,16,14,13,13,13,13,11,13,13,13,13
155,,"[0,1.9]",1.000000000000000E+00,,47,58,20,32,18,12,15,33,11,10,10,12,11,11,11,14,11,10,12,11
156,,"[1.001,2.001]",2.000000000000000E+00,,45,8,10,36,16,16,9,17,8,16,8,7,8,7,7,7,7,7,8,8
157,,"[2.5,10]",3.000000000000000E+00,regula_falsi,47,1047,22,33,23,22,18,29,14,22,14,17,14,16,16,24,16,13,13,12
